0.9,-0.9,55
0.9,-0.9,55
0.9,-0.9,55
0.9,-0.9,55
0.9,-0.9,55
0.9,-0.9,55
0.9,-0.9,55
0.9,-0.9,55
0.9,-0.9,55
0.9,-0.9,55
0.9,-0.9,55
0.9,-0.9,55
0.9,-0.9,55
0.9,-0.9,55
0.9,-0.9,55
0.9,-0.9,55
0.9,-0.9,55
0.9,-0.9,55
0.9,-0.9,55
0.9,-0.9,55
0.9,-0.9,55
0.9,-0.9,55
0.9,-0.9,55
0.9,-0.9,55
0.9,-0.9,55
0.9,-0.9,55
0.9,-0.9,55
0.9,-0.9,55
0.9,-0.9,55
0.9,-0.9,55
0.9,-0.9,55
0.9,-0.9,55
0.9,-0.9,55
0.9,-0.9,55
0.9,-0.9,55
0.9,-0.9,55
0.9,-0.9,55
0.9,-0.9,55
0.9,-0.9,55
0.9,-0.9,55
0.9,-0.9,55
0.9,-0.9,55
0.9,-0.9,55
0.9,-0.9,55
0.9,-0.9,55
0.9,-0.9,55
0.9,-0.9,55
0.9,-0.9,55
0.9,-0.9,55
0.9,-0.9,55
0.9,-0.9,55
0.9,-0.9,55
0.9,-0.9,55
0.9,-0.9,55
0.9,-0.9,55
0.9,-0.9,55
0.9,-0.9,55
0.9,-0.9,55
0.9,-0.9,55
0.9,-0.9,55
0.9,-0.9,55
0.9,-0.9,55
0.9,-0.9,55
0.9,-0.9,55
0.9,-0.9,55
0.9,-0.9,55
0.9,-0.9,55
0.9,-0.9,55
0.9,-0.9,55
0.9,-0.9,55
0.9,-0.9,55
0.9,-0.9,55
0.9,-0.9,55
0.9,-0.9,55
0.9,-0.9,55
0.9,-0.9,55
0.9,-0.9,55
0.9,-0.9,55
0.9,-0.9,55
0.9,-0.9,55
0.9,-0.9,55
0.9,-0.9,55
0.9,-0.9,55
0.9,-0.9,55
0.9,-0.9,55
0.9,-0.9,55
0.9,-0.9,55
0.9,-0.9,55
0.9,-0.9,55
0.9,-0.9,55
0.9,-0.9,55
0.9,-0.9,55
0.9,-0.9,55
0.9,-0.9,55
0.9,-0.9,55
0.9,-0.9,55
0.9,-0.9,55
0.9,-0.9,55
0.9,-0.9,55
0.9,-0.9,55
0.9,-0.9,55
0.9,-0.9,55
0.9,-0.9,55
0.9,-0.9,55
0.9,-0.9,55
0.9,-0.9,55
0.9,-0.9,55
0.9,-0.9,55
0.9,-0.9,55
0.9,-0.9,55
0.9,-0.9,55
0.9,-0.9,55
0.9,-0.9,55
0.9,-0.9,55
0.9,-0.9,55
0.9,-0.9,55
0.9,-0.9,55
0.9,-0.9,55
0.9,-0.9,55
0.9,-0.9,55
0.9,-0.9,55
0.9,-0.9,55
0.9,-0.9,55
0.9,-0.9,55
0.9,-0.9,55
0.9,-0.9,55
0.9,-0.9,55
0.9,-0.9,55
0.9,-0.9,55
0.9,-0.9,55
0.9,-0.9,55
0.9,-0.9,55
0.9,-0.9,55
0.9,-0.9,55
0.9,-0.9,55
0.9,-0.9,55
0.9,-0.9,55
0.9,-0.9,55
0.9,-0.9,55
0.9,-0.9,55
0.9,-0.9,55
0.9,-0.9,55
0.9,-0.9,55
0.9,-0.9,55
0.9,-0.9,55
0.9,-0.9,55
0.9,-0.9,55
0.9,-0.9,55
0.9,-0.9,55
0.9,-0.9,55
0.9,-0.9,55
0.9,-0.9,55
0.9,-0.9,55
0.9,-0.9,55
0.9,-0.9,55
0.9,-0.9,55
0.9,-0.9,55
0.9,-0.9,55
0.9,-0.9,55
0.9,-0.9,55
0.9,-0.9,55
0.9,-0.9,55
0.9,-0.9,55
0.9,-0.9,55
0.9,-0.9,55
0.9,-0.9,55
0.9,-0.9,55
0.9,-0.9,55
0.9,-0.9,55
0.9,-0.9,55
0.9,-0.9,55
0.9,-0.9,55
0.9,-0.9,55
0.9,-0.9,55
0.9,-0.9,55
0.9,-0.9,55
0.9,-0.9,55
0.9,-0.9,55
0.9,-0.9,55
0.9,-0.9,55
0.9,-0.9,55
0.9,-0.9,55
0.9,-0.9,55
0.9,-0.9,55
0.9,-0.9,55
0.9,-0.9,55
0.9,-0.9,55
0.9,-0.9,55
0.9,-0.9,55
0.9,-0.9,55
0.9,-0.9,55
0.9,-0.9,55
0.9,-0.9,55
0.9,-0.9,55
0.9,-0.9,55
0.9,-0.9,55
0.9,-0.9,55
0.9,-0.9,55
0.9,-0.9,55
0.9,-0.9,55
0.9,-0.9,55
0.9,-0.9,55
0.9,-0.9,55
0.9,-0.9,55
0.9,-0.9,55
0.9,-0.9,55
0.9,-0.9,55
0.9,-0.9,55
0.9,-0.9,55
0.9,-0.9,55
0.9,-0.9,55
0.9,-0.9,55
0.9,-0.9,55
0.9,-0.9,55
0.9,-0.9,55
0.9,-0.9,55
0.9,-0.9,55
0.9,-0.9,55
0.9,-0.9,55
0.9,-0.9,55
0.9,-0.9,55
0.9,-0.9,55
0.9,-0.9,55
0.9,-0.9,55
0.9,-0.9,55
0.9,-0.9,55
0.9,-0.9,55
0.9,-0.9,55
0.9,-0.9,55
0.9,-0.9,55
0.9,-0.9,55
0.9,-0.9,55
0.9,-0.9,55
0.9,-0.9,55
0.9,-0.9,55
0.9,-0.9,55
0.9,-0.9,55
0.9,-0.9,55
0.9,-0.9,55
0.9,-0.9,55
0.9,-0.9,55
0.9,-0.9,55
0.9,-0.9,55
0.9,-0.9,55
0.9,-0.9,55
0.9,-0.9,55
0.9,-0.9,55
0.9,-0.9,55
0.9,-0.9,55
0.9,-0.9,55
0.9,-0.9,55
0.9,-0.9,55
0.9,-0.9,55
0.9,-0.9,55
0.9,-0.9,55
0.9,-0.9,55
0.9,-0.9,55
0.9,-0.9,55
0.9,-0.9,55
0.9,-0.9,55
0.9,-0.9,55
0.9,-0.9,55
0.9,-0.9,55
0.9,-0.9,55
0.9,-0.9,55
0.9,-0.9,55
0.9,-0.9,55
0.9,-0.9,55
0.9,-0.9,55
0.9,-0.9,55
0.9,-0.9,55
0.9,-0.9,55
0.9,-0.9,55
0.9,-0.9,55
0.9,-0.9,55
0.9,-0.9,55
0.9,-0.9,55
0.9,-0.9,55
0.9,-0.9,55
0.9,-0.9,55
0.9,-0.9,55
0.9,-0.9,55
0.9,-0.9,55
0.9,-0.9,55
0.9,-0.9,55
0.9,-0.9,55
0.9,-0.9,55
0.9,-0.9,55
0.9,-0.9,55
0.9,-0.9,55
0.9,-0.9,55
0.9,-0.9,55
0.9,-0.9,55
0.9,-0.9,55
0.9,-0.9,55
0.9,-0.9,55
0.9,-0.9,55
0.9,-0.9,55
0.9,-0.9,55
0.9,-0.9,55
0.9,-0.9,55
0.9,-0.9,55
0.9,-0.9,55
0.9,-0.9,55
0.9,-0.9,55
0.9,-0.9,55
0.9,-0.9,55
0.9,-0.9,55
0.9,-0.9,55
0.9,-0.9,55
0.9,-0.9,55
0.9,-0.9,55
0.9,-0.9,55
0.9,-0.9,55
0.9,-0.9,55
0.9,-0.9,55
0.9,-0.9,55
0.9,-0.9,55
0.9,-0.9,55
0.9,-0.9,55
0.9,-0.9,55
0.9,-0.9,55
0.9,-0.9,55
0.9,-0.9,55
0.9,-0.9,55
0.9,-0.9,55
0.9,-0.9,55
0.9,-0.9,55
0.9,-0.9,55
0.9,-0.9,55
0.9,-0.9,55
0.9,-0.9,55
0.9,-0.9,55
0.9,-0.9,55
0.9,-0.9,55
0.9,-0.9,55
0.9,-0.9,55
0.9,-0.9,55
0.9,-0.9,55
0.9,-0.9,55
0.9,-0.9,55
0.9,-0.9,55
0.9,-0.9,55
0.9,-0.9,55
0.9,-0.9,55
0.9,-0.9,55
0.9,-0.9,55
0.9,-0.9,55
0.9,-0.9,55
0.9,-0.9,55
0.9,-0.9,55
0.9,-0.9,55
0.9,-0.9,55
0.9,-0.9,55
0.9,-0.9,55
0.9,-0.9,55
0.9,-0.9,55
0.9,-0.9,55
0.9,-0.9,55
0.9,-0.9,55
0.9,-0.9,55
0.9,-0.9,55
0.9,-0.9,55
0.9,-0.9,55
0.9,-0.9,55
0.9,-0.9,55
0.9,-0.9,55
0.9,-0.9,55
0.9,-0.9,55
0.9,-0.9,55
0.9,-0.9,55
0.9,-0.9,55
0.9,-0.9,55
0.9,-0.9,55
0.9,-0.9,55
0.9,-0.9,55
0.9,-0.9,55
0.9,-0.9,55
0.9,-0.9,55
0.9,-0.9,55
0.9,-0.9,55
0.9,-0.9,55
0.9,-0.9,55
0.9,-0.9,55
0.9,-0.9,55
0.9,-0.9,55
0.9,-0.9,55
0.9,-0.9,55
0.9,-0.9,55
0.9,-0.9,55
0.9,-0.9,55
0.9,-0.9,55
0.9,-0.9,55
0.9,-0.9,55
0.9,-0.9,55
0.9,-0.9,55
0.9,-0.9,55
0.9,-0.9,55
0.9,-0.9,55
0.9,-0.9,55
0.9,-0.9,55
